{
  "n":  160,
  "x": [
     0.1000000000E+01,
     0.9916796399E+00,
     0.9803692243E+00,
     0.9672662820E+00,
     0.9527169068E+00,
     0.9371980906E+00,
     0.9211172036E+00,
     0.9047379790E+00,
     0.8882062138E+00,
     0.8715962219E+00,
     0.8549446161E+00,
     0.8382693931E+00,
     0.8215796396E+00,
     0.8048802389E+00,
     0.7881741052E+00,
     0.7714632361E+00,
     0.7547492054E+00,
     0.7380333950E+00,
     0.7213171043E+00,
     0.7046016026E+00
  ],
  "y": [
     0.1260000000E-02,
     0.2421449955E-02,
     0.3981368612E-02,
     0.5761860846E-02,
     0.7706238857E-02,
     0.9743313054E-02,
     0.1181512157E-01,
     0.1388559339E-01,
     0.1593565339E-01,
     0.1795615597E-01,
     0.1994300568E-01,
     0.2189448288E-01,
     0.2380991571E-01,
     0.2568904784E-01,
     0.2753174357E-01,
     0.2933785009E-01,
     0.3110713291E-01,
     0.3283924469E-01,
     0.3453370969E-01,
     0.3618991459E-01
  ]
}
