{"events": [
{
  "subroutine": "DQDM_PSILIN",
  "wake_idx":  161,
  "iw":    1,
  "n_airfoil":  160,
  "x":  0.1000100000E+01,
  "y":  0.1261233776E-18,
  "nx":  0.1261233776E-14,
  "ny": -0.1000000000E+01,
  "dqdm": [
     0.3225522041E+02,
    -0.2047257579E+02,
    -0.5711533658E+01,
    -0.2136686115E+01,
    -0.1084798937E+01,
    -0.6391627270E+00,
    -0.4134295791E+00,
    -0.2861235411E+00,
    -0.2085498390E+00,
    -0.1583026302E+00,
    -0.1240938980E+00,
    -0.9982927922E-01,
    -0.8202321606E-01,
    -0.6858084376E-01,
    -0.5818774451E-01,
    -0.4998774293E-01,
    -0.4340468384E-01,
    -0.3803966942E-01,
    -0.3360956376E-01,
    -0.2990894906E-01
  ]
}
,
{
  "subroutine": "DQDM_PSILIN",
  "wake_idx":  162,
  "iw":    2,
  "n_airfoil":  160,
  "x":  0.1008500898E+01,
  "y":  0.4770034600E-04,
  "nx":  0.5677914250E-02,
  "ny": -0.9999838805E+00,
  "dqdm": [
     0.1253228255E+02,
    -0.5361662751E+01,
    -0.2580826150E+01,
    -0.1330612431E+01,
    -0.7801960149E+00,
    -0.4979974948E+00,
    -0.3386278920E+00,
    -0.2423841446E+00,
    -0.1809684584E+00,
    -0.1398549727E+00,
    -0.1111663760E+00,
    -0.9042431725E-01,
    -0.7496863365E-01,
    -0.6315360492E-01,
    -0.5392272196E-01,
    -0.4657486175E-01,
    -0.4063083037E-01,
    -0.3575446273E-01,
    -0.3170442901E-01,
    -0.2830390276E-01
  ]
}
